{"cameraMode":{"drawMode":0,"name":"Shaded","section":"Shading Mode"},"sceneLighting":true,"audioPlay":false,"sceneViewState":{"showFog":true,"showMaterialUpdate":false,"showSkybox":true,"showFlares":true,"showImageEffects":true,"showParticleSystems":true},"in2DMode":false,"pivot":{"x":0.31217390298843386,"y":-5.953396320343018,"z":1.9386783838272095},"rotation":{"x":-0.4052827060222626,"y":-0.009053167887032032,"z":0.004013331141322851,"w":-0.9141380190849304},"size":10.0,"orthographic":false}