{"cameraMode":{"drawMode":0,"name":"Shaded","section":"Shading Mode"},"sceneLighting":true,"audioPlay":false,"sceneViewState":{"showFog":true,"showMaterialUpdate":false,"showSkybox":true,"showFlares":true,"showImageEffects":true,"showParticleSystems":true},"in2DMode":false,"pivot":{"x":-7.866411209106445,"y":-6.3064045906066898,"z":-15.139181137084961},"rotation":{"x":-0.06831034272909165,"y":0.9085891842842102,"z":-0.16421948373317719,"w":-0.37794795632362368},"size":10.0,"orthographic":false}