{"cameraMode":{"drawMode":0,"name":"Shaded","section":"Shading Mode"},"sceneLighting":true,"audioPlay":false,"sceneViewState":{"showFog":true,"showMaterialUpdate":false,"showSkybox":true,"showFlares":true,"showImageEffects":true,"showParticleSystems":true},"in2DMode":false,"pivot":{"x":-81.80664825439453,"y":-84.67799377441406,"z":-7.8554229736328129},"rotation":{"x":0.2442914992570877,"y":-0.5814242959022522,"z":0.19653530418872834,"w":0.7507694959640503},"size":86.26165771484375,"orthographic":false}