{"cameraMode":{"drawMode":0,"name":"Shaded","section":"Shading Mode"},"sceneLighting":false,"audioPlay":false,"sceneViewState":{"showFog":true,"showMaterialUpdate":true,"showSkybox":true,"showFlares":true,"showImageEffects":true,"showParticleSystems":true},"in2DMode":false,"pivot":{"x":0.23526382446289063,"y":-2.9364638328552248,"z":-2.351191997528076},"rotation":{"x":-0.03791283443570137,"y":-0.6419637203216553,"z":0.031795747578144076,"w":-0.7651517987251282},"size":10.0,"orthographic":false}