{"cameraMode":{"drawMode":0,"name":"Shaded","section":"Shading Mode"},"sceneLighting":false,"audioPlay":false,"sceneViewState":{"showFog":true,"showMaterialUpdate":true,"showSkybox":true,"showFlares":true,"showImageEffects":true,"showParticleSystems":true},"in2DMode":false,"pivot":{"x":502.3330383300781,"y":508.93310546875,"z":16.90504264831543},"rotation":{"x":-0.05419692397117615,"y":-0.9143657088279724,"z":0.37939685583114626,"w":-0.13062043488025666},"size":7.150202751159668,"orthographic":false}