{"cameraMode":{"drawMode":0,"name":"Shaded","section":"Shading Mode"},"sceneLighting":true,"audioPlay":false,"sceneViewState":{"showFog":true,"showMaterialUpdate":false,"showSkybox":true,"showFlares":true,"showImageEffects":true,"showParticleSystems":true},"in2DMode":false,"pivot":{"x":400.161376953125,"y":93.12114715576172,"z":36.770660400390628},"rotation":{"x":0.01398477517068386,"y":0.34736332297325137,"z":0.0007026286912150681,"w":0.937634289264679},"size":193.11778259277345,"orthographic":false}