{"cameraMode":{"drawMode":0,"name":"Shaded","section":"Shading Mode"},"sceneLighting":false,"audioPlay":false,"sceneViewState":{"showFog":true,"showMaterialUpdate":true,"showSkybox":true,"showFlares":true,"showImageEffects":true,"showParticleSystems":true},"in2DMode":false,"pivot":{"x":0.1729668378829956,"y":0.42158710956573489,"z":0.5529902577400208},"rotation":{"x":0.026914043352007867,"y":0.7017108201980591,"z":-0.026543552055954934,"w":0.7114657163619995},"size":0.8660253882408142,"orthographic":false}