{"cameraMode":{"drawMode":0,"name":"Shaded","section":"Shading Mode"},"sceneLighting":false,"audioPlay":false,"sceneViewState":{"showFog":true,"showMaterialUpdate":true,"showSkybox":true,"showFlares":true,"showImageEffects":true,"showParticleSystems":true},"in2DMode":false,"pivot":{"x":496.2641296386719,"y":498.50537109375,"z":2.4572947025299074},"rotation":{"x":0.1069338247179985,"y":-0.7105510830879211,"z":0.11066485196352005,"w":0.6866273283958435},"size":2.4525699615478517,"orthographic":false}