{"cameraMode":{"drawMode":0,"name":"Shaded","section":"Shading Mode"},"sceneLighting":true,"audioPlay":false,"sceneViewState":{"showFog":true,"showMaterialUpdate":false,"showSkybox":true,"showFlares":true,"showImageEffects":true,"showParticleSystems":true},"in2DMode":false,"pivot":{"x":11.275823593139649,"y":1.206883430480957,"z":-8.153916358947754},"rotation":{"x":0.3143572509288788,"y":-0.013945040293037892,"z":0.004614236764609814,"w":0.9492105841636658},"size":3.866024971008301,"orthographic":false}