{"cameraMode":{"drawMode":0,"name":"Shaded","section":"Shading Mode"},"sceneLighting":true,"audioPlay":false,"sceneViewState":{"showFog":true,"showMaterialUpdate":false,"showSkybox":true,"showFlares":true,"showImageEffects":true,"showParticleSystems":true},"in2DMode":false,"pivot":{"x":0.7643746137619019,"y":-2.7090563774108888,"z":2.1334962844848635},"rotation":{"x":-0.20285990834236146,"y":-0.017040111124515535,"z":0.0035304015036672355,"w":-0.9790518283843994},"size":10.0,"orthographic":false}