{"cameraMode":{"drawMode":0,"name":"Shaded","section":"Shading Mode"},"sceneLighting":false,"audioPlay":false,"sceneViewState":{"showFog":true,"showMaterialUpdate":true,"showSkybox":true,"showFlares":true,"showImageEffects":true,"showParticleSystems":true},"in2DMode":false,"pivot":{"x":1682.32568359375,"y":837.28173828125,"z":109.22413635253906},"rotation":{"x":-0.039695676416158679,"y":0.9336717128753662,"z":-0.33870360255241396,"w":-0.10944437980651856},"size":5.176201343536377,"orthographic":false}